,y_true,y_pre
0,0,0
1,0,0
0,0,0
3,0,0
4,0,0
5,0,0
6,0,0
7,0,0
8,0,0
9,0,0
10,0,0
11,0,0
10,0,0
13,0,0
14,0,0
15,0,0
16,0,0
17,0,0
18,0,0
19,0,0
0,0,0
1,0,0
0,0,0
3,0,0
4,0,0
5,0,0
6,0,0
7,0,0
8,0,0
9,0,0
30,0,0
31,0,0
30,0,0
33,0,0
34,0,0
35,0,0
36,0,0
37,0,0
38,0,0
39,0,0
40,0,0
41,0,0
40,0,0
43,0,0
44,0,0
45,0,0
46,0,0
47,0,0
48,0,0
49,0,0
50,0,0
51,0,0
50,0,0
53,0,0
54,0,0
55,0,0
56,0,0
57,0,0
58,0,0
59,0,0
60,0,0
61,0,0
60,0,0
63,0,0
64,0,0
65,0,0
66,0,0
67,0,0
68,0,0
69,0,0
70,0,0
71,0,0
70,0,0
73,0,0
74,0,0
75,0,0
76,0,0
77,0,0
78,0,0
79,0,0
80,0,0
81,0,0
80,0,0
83,0,0
84,0,0
85,0,0
86,0,0
87,0,0
88,0,0
89,0,0
90,0,0
91,0,0
90,0,0
93,0,0
94,0,0
95,0,0
96,0,0
97,0,0
98,0,0
99,0,0
100,0,0
101,0,0
100,0,0
103,0,0
104,0,0
105,0,0
106,0,0
107,0,0
108,0,0
109,0,0
110,0,0
111,0,0
110,0,0
113,0,0
114,0,0
115,0,0
116,0,0
117,0,0
118,0,0
119,0,0
100,0,0
101,0,0
100,0,0
103,0,0
104,0,0
105,0,0
106,0,0
107,0,0
108,0,0
109,0,0
130,0,0
131,0,0
130,0,0
133,0,0
134,0,0
135,0,0
136,0,0
137,0,0
138,0,0
139,0,0
140,0,0
141,0,0
140,0,0
143,0,0
144,0,0
145,0,0
146,0,0
147,0,0
148,0,0
149,0,0
150,0,0
151,0,0
150,0,0
153,0,0
154,0,0
155,0,0
156,0,0
157,0,0
158,0,0
159,0,0
160,0,0
161,0,0
160,0,0
163,0,0
164,0,0
165,0,0
166,0,0
167,0,0
168,0,0
169,0,0
170,0,0
171,0,0
170,0,0
173,0,0
174,0,0
175,0,0
176,0,0
177,0,0
178,0,0
179,0,0
180,0,0
181,0,0
180,0,0
183,0,0
184,0,0
185,0,0
186,0,0
187,0,0
188,0,0
189,0,0
190,0,0
191,0,0
190,0,0
193,0,0
194,0,0
195,0,0
196,0,0
197,0,0
198,0,0
199,0,0
0,0,0
1,0,0
0,0,0
3,0,0
4,0,0
5,0,0
6,0,0
7,0,0
8,0,0
9,0,0
10,0,0
11,0,0
10,0,0
13,0,0
14,0,0
15,0,0
16,0,0
17,0,0
18,0,0
19,0,0
0,0,0
1,0,0
0,0,0
3,0,0
4,0,0
5,0,0
6,0,0
7,0,0
8,0,0
9,0,0
30,0,0
31,0,0
30,0,0
33,0,0
34,0,0
35,0,0
36,0,0
37,0,0
38,0,0
39,0,0
40,0,0
41,0,0
40,0,0
43,0,0
44,0,0
45,0,0
46,0,0
47,0,0
48,0,0
49,0,0
50,0,0
51,0,0
50,0,0
53,0,0
54,0,0
55,0,0
56,0,0
57,0,0
58,0,0
59,0,0
60,0,0
61,0,0
60,0,0
63,0,0
64,0,0
65,0,0
66,0,0
67,0,0
68,0,0
69,0,0
70,0,0
71,0,0
70,0,0
73,0,0
74,0,0
75,0,0
76,0,0
77,0,0
78,0,0
79,0,0
80,0,0
81,0,0
80,0,0
83,0,0
84,0,0
85,0,0
86,0,0
87,0,0
88,0,0
89,0,0
90,0,0
91,0,0
90,0,0
93,0,0
94,0,0
95,0,0
96,0,0
97,0,0
98,0,0
99,0,0
300,0,0
301,0,0
300,0,0
303,0,0
304,0,0
305,0,0
306,0,0
307,0,0
308,0,0
309,0,0
310,0,0
311,0,0
310,0,0
313,0,0
314,0,0
315,0,0
316,0,0
317,0,0
318,0,0
319,0,0
300,0,0
301,0,0
300,0,0
303,0,0
304,0,0
305,0,0
306,0,0
307,0,0
308,0,0
309,0,0
330,0,0
331,0,0
330,0,0
333,0,0
334,0,0
335,0,0
336,0,0
337,0,0
338,0,0
339,0,0
340,0,0
341,0,0
340,0,0
343,0,0
344,0,0
345,0,0
346,0,0
347,0,0
348,0,0
349,0,0
350,0,0
351,0,0
350,0,0
353,0,0
354,0,0
355,0,0
356,0,0
357,0,0
358,0,0
359,0,0
360,0,0
361,0,0
360,0,0
363,0,0
364,0,0
365,0,0
366,0,0
367,0,0
368,0,0
369,0,0
370,0,0
371,0,0
370,0,0
373,0,0
374,0,0
375,0,0
376,0,0
377,0,0
378,0,0
379,0,0
380,0,0
381,0,0
380,0,0
383,0,0
384,0,0
385,0,0
386,0,0
387,0,0
388,0,0
389,0,1
390,0,0
391,0,0
390,0,0
393,0,0
394,0,0
395,0,0
396,0,0
397,0,0
398,0,0
399,0,0
400,0,0
401,0,0
400,0,0
403,0,0
404,0,0
405,0,0
406,0,0
407,0,0
408,0,0
409,0,0
410,0,0
411,0,0
410,0,0
413,0,0
414,0,0
415,0,0
416,0,0
417,0,0
418,0,0
419,0,0
400,0,0
401,0,0
400,0,0
403,0,0
404,0,0
405,0,0
406,0,0
407,0,0
408,0,0
409,0,0
430,0,0
431,0,0
430,0,0
433,0,0
434,0,0
435,0,0
436,0,0
437,0,0
438,0,0
439,0,0
440,0,0
441,0,0
440,0,0
443,0,0
444,0,0
445,0,0
446,0,0
447,0,0
448,0,0
449,0,0
450,0,0
451,0,0
450,0,0
453,0,0
454,0,0
455,0,0
456,0,0
457,0,0
458,0,0
459,0,0
460,0,0
461,0,0
460,0,0
463,0,0
464,0,0
465,0,0
466,0,0
467,0,0
468,0,0
469,0,0
470,0,0
471,0,0
470,0,0
473,0,0
474,0,0
475,0,0
476,0,0
477,0,0
478,0,0
479,0,0
480,0,0
481,0,0
480,0,0
483,0,0
484,0,0
485,0,0
486,0,0
487,0,0
488,0,0
489,0,0
490,0,0
491,0,0
490,0,0
493,0,0
494,0,0
495,0,0
496,0,0
497,0,0
498,0,0
499,0,0
500,0,0
501,0,0
500,0,0
503,0,0
504,0,0
505,0,0
506,0,0
507,0,0
508,0,0
509,0,0
510,0,0
511,0,0
510,0,0
513,0,0
514,0,0
515,0,0
516,0,0
517,0,0
518,0,0
519,0,0
500,0,0
501,0,0
500,0,0
503,0,0
504,0,0
505,0,0
506,0,0
507,0,0
508,0,0
509,0,0
530,0,0
531,0,0
530,0,0
533,0,0
534,0,0
535,0,0
536,0,0
537,0,0
538,0,0
539,0,0
540,0,0
541,0,0
540,0,0
543,0,0
544,0,0
545,0,0
546,0,0
547,0,0
548,0,0
549,0,0
550,0,0
551,0,0
550,0,0
553,0,0
554,0,0
555,0,0
556,0,0
557,0,0
558,0,0
559,0,0
560,0,0
561,0,0
560,0,0
563,0,0
564,0,0
565,0,0
566,0,0
567,0,0
568,0,0
569,0,0
570,0,0
571,0,0
570,0,0
573,0,0
574,0,0
575,0,0
576,0,0
577,0,0
578,0,0
579,0,0
580,0,0
581,0,0
580,0,0
583,0,0
584,0,0
585,0,0
586,0,0
587,0,0
588,0,0
589,0,0
590,0,0
591,0,0
590,0,0
593,0,0
594,0,0
595,0,0
596,0,0
597,0,0
598,0,0
599,0,0
600,0,0
601,0,0
600,0,0
603,0,0
604,0,0
605,0,0
606,0,0
607,0,0
608,0,0
609,0,0
610,0,0
611,0,0
610,0,0
613,0,0
614,0,0
615,0,0
616,0,0
617,0,0
618,0,0
619,0,0
600,0,0
601,0,0
600,0,0
603,0,0
604,0,0
605,0,0
606,0,0
607,0,0
608,0,1
609,0,0
630,0,0
631,0,0
630,0,0
633,0,0
634,0,0
635,0,0
636,0,0
637,0,0
638,0,0
639,0,0
640,0,0
641,0,0
640,0,0
643,0,0
644,0,0
645,0,0
646,0,0
647,0,0
648,0,0
649,0,0
650,0,0
651,0,0
650,0,0
653,0,0
654,0,0
655,0,0
656,0,0
657,0,0
658,0,0
659,0,0
660,0,0
661,0,0
660,0,0
663,0,0
664,0,0
665,0,0
666,0,0
667,0,0
668,0,0
669,0,0
670,0,0
671,0,0
670,0,0
673,0,0
674,0,0
675,0,0
676,0,0
677,0,0
678,0,0
679,0,0
680,0,0
681,0,0
680,0,0
683,0,0
684,0,0
685,0,0
686,0,0
687,0,0
688,0,0
689,0,0
690,0,0
691,0,0
690,0,0
693,0,0
694,0,0
695,0,0
696,0,0
697,0,0
698,0,0
699,0,0
700,0,0
701,0,0
700,0,0
703,0,0
704,0,0
705,0,0
706,0,0
707,0,0
708,0,0
709,0,0
710,0,0
711,0,0
710,0,0
713,0,0
714,0,0
715,0,0
716,0,0
717,0,0
718,0,0
719,0,0
700,0,0
701,0,0
700,0,0
703,0,0
704,0,0
705,0,0
706,0,0
707,0,0
708,0,0
709,0,0
730,0,0
731,0,0
730,0,0
733,0,0
734,0,0
735,0,0
736,0,0
737,0,0
738,0,0
739,0,0
740,0,0
741,0,0
740,0,0
743,0,0
744,0,0
745,0,0
746,0,0
747,0,0
748,0,0
749,0,0
750,0,0
751,0,0
750,0,0
753,0,0
754,0,0
755,0,0
756,0,0
757,0,0
758,0,0
759,0,0
760,0,0
761,0,0
760,0,0
763,0,0
764,0,0
765,0,0
766,0,0
767,0,0
768,0,0
769,0,0
770,0,0
771,0,0
770,0,0
773,0,0
774,0,0
775,0,0
776,0,0
777,0,0
778,0,0
779,0,0
780,0,0
781,0,0
780,0,0
783,0,0
784,0,0
785,0,0
786,0,0
787,0,0
788,0,0
789,0,0
790,0,0
791,0,0
790,0,0
793,0,0
794,0,0
795,0,0
796,0,0
797,0,0
798,0,0
799,0,0
800,0,0
801,0,0
800,0,0
803,0,0
804,0,0
805,0,0
806,0,0
807,0,0
808,0,0
809,0,0
810,0,0
811,0,0
810,0,0
813,0,0
814,0,0
815,0,0
816,0,0
817,0,0
818,0,0
819,0,0
800,0,0
801,0,0
800,0,0
803,0,0
804,0,0
805,0,0
806,0,0
807,0,0
808,0,0
809,0,0
830,0,0
831,0,0
830,0,0
833,0,0
834,0,0
835,0,0
836,0,0
837,0,0
838,0,0
839,0,0
840,0,0
841,0,0
840,0,0
843,0,0
844,0,0
845,0,0
846,0,0
847,0,0
848,0,0
849,0,0
850,0,0
851,0,0
850,0,0
853,0,0
854,0,0
855,0,0
856,0,0
857,0,0
858,0,0
859,0,0
860,0,0
861,0,0
860,0,0
863,0,0
864,0,0
865,0,0
866,0,0
867,0,0
868,0,0
869,0,0
870,0,0
871,0,0
870,0,0
873,0,0
874,0,0
875,0,0
876,0,0
877,0,0
878,0,0
879,0,0
880,0,0
881,0,0
880,0,0
883,0,0
884,0,0
885,0,0
886,0,0
887,0,0
888,0,0
889,0,0
890,0,0
891,0,0
890,0,0
893,0,0
894,0,0
895,0,0
896,0,0
897,0,0
898,0,0
899,0,0
900,0,0
901,0,0
900,0,0
903,0,0
904,0,0
905,0,0
906,0,0
907,0,0
908,0,0
909,0,0
910,0,0
911,0,0
910,0,0
913,0,0
914,0,0
915,0,0
916,0,0
917,0,0
918,0,0
919,0,0
900,0,0
901,0,0
900,0,0
903,0,0
904,0,0
905,0,0
906,0,0
907,0,0
908,0,0
909,0,0
930,0,0
931,0,0
930,0,0
933,0,0
934,0,0
935,0,0
936,0,0
937,0,0
938,0,0
939,0,0
940,0,0
941,0,0
940,0,0
943,0,0
944,0,0
945,0,0
946,0,0
947,0,0
948,0,0
949,0,0
950,0,0
951,0,0
950,0,0
953,0,0
954,0,0
955,0,0
956,0,0
957,0,0
958,0,0
959,0,0
960,0,0
961,0,0
960,0,0
963,0,0
964,0,0
965,0,0
966,0,0
967,0,0
968,0,0
969,0,0
970,0,0
971,0,0
970,0,0
973,0,0
974,0,0
975,0,0
976,0,0
977,0,0
978,0,0
979,0,0
980,0,0
981,0,0
980,0,0
983,0,0
984,0,0
985,0,0
986,0,0
987,0,0
988,0,0
989,0,1
990,0,0
991,0,0
990,0,0
993,0,0
994,0,0
995,0,0
996,0,0
997,0,0
998,0,0
999,0,0
1000,0,0
1001,0,0
1000,0,0
1003,0,0
1004,0,0
1005,0,0
1006,0,0
1007,0,0
1008,0,0
1009,0,0
1010,0,0
1011,0,0
1010,0,0
1013,0,0
1014,0,0
1015,0,0
1016,0,0
1017,0,0
1018,0,0
1019,0,0
1000,0,0
1001,0,0
1000,0,0
1003,0,0
1004,0,0
1005,0,0
1006,0,0
1007,0,0
1008,0,0
1009,0,0
1030,0,0
1031,0,0
1030,0,0
1033,0,0
1034,0,0
1035,0,0
1036,0,0
1037,0,0
1038,0,0
1039,0,0
1040,0,0
1041,0,0
1040,0,0
1043,0,0
1044,0,0
1045,0,0
1046,0,0
1047,0,0
1048,0,0
1049,0,0
1050,0,0
1051,0,0
1050,0,0
1053,0,0
1054,0,0
1055,0,0
1056,0,0
1057,0,0
1058,0,0
1059,0,0
1060,0,0
1061,0,0
1060,0,0
1063,0,0
1064,0,0
1065,0,0
1066,0,0
1067,0,0
1068,0,0
1069,0,0
1070,0,0
1071,0,0
1070,0,0
1073,0,0
1074,0,0
1075,0,0
1076,0,0
1077,0,0
1078,0,0
1079,0,0
1080,0,0
1081,0,0
1080,0,0
1083,0,0
1084,0,0
1085,0,0
1086,0,0
1087,0,0
1088,0,0
1089,0,0
1090,0,0
1091,0,0
1090,0,0
1093,0,0
1094,0,0
1095,0,0
1096,0,0
1097,0,0
1098,0,0
1099,0,0
1100,0,0
1101,0,0
1100,0,0
1103,0,0
1104,0,0
1105,0,0
1106,0,0
1107,0,0
1108,0,0
1109,0,0
1110,0,0
1111,0,0
1110,0,0
1113,0,0
1114,0,0
1115,0,0
1116,0,0
1117,0,0
1118,0,0
1119,0,0
1100,0,0
1101,0,0
1100,0,0
1103,0,0
1104,0,0
1105,0,0
1106,0,0
1107,0,0
1108,0,0
1109,0,0
1130,0,0
1131,0,0
1130,0,0
1133,0,0
1134,0,0
1135,0,0
1136,0,0
1137,0,0
1138,0,0
1139,0,0
1140,0,0
1141,0,0
1140,0,0
1143,0,0
1144,0,0
1145,0,0
1146,0,0
1147,0,0
1148,0,0
1149,0,0
1150,0,0
1151,0,0
1150,0,0
1153,0,0
1154,0,0
1155,0,0
1156,0,0
1157,0,0
1158,0,0
1159,0,0
1160,0,0
1161,0,0
1160,0,0
1163,0,0
1164,0,0
1165,0,0
1166,0,0
1167,0,0
1168,0,0
1169,0,0
1170,0,0
1171,0,0
1170,0,0
1173,0,0
1174,0,0
1175,0,0
1176,0,0
1177,0,0
1178,0,0
1179,0,0
1180,0,0
1181,0,0
1180,0,0
1183,0,0
1184,0,0
1185,0,0
1186,0,0
1187,0,0
1188,0,0
1189,0,0
1190,0,0
1191,0,0
1190,0,0
1193,0,0
1194,0,0
1195,0,0
1196,0,0
1197,0,0
1198,0,0
1199,0,0
1000,0,0
1001,0,0
1000,0,0
1003,0,0
1004,0,0
1005,0,0
1006,0,0
1007,0,0
1008,0,0
1009,0,0
1010,0,0
1011,0,0
1010,0,0
1013,0,0
1014,0,0
1015,0,0
1016,0,0
1017,0,0
1018,0,0
1019,0,0
1000,0,0
1001,0,0
1000,0,0
1003,0,0
1004,0,0
1005,0,0
1006,0,0
1007,0,0
1008,0,0
1009,0,0
1030,0,0
1031,0,0
1030,0,0
1033,0,0
1034,0,0
1035,0,0
1036,0,0
1037,0,0
1038,0,0
1039,0,0
1040,0,0
1041,0,0
1040,0,0
1043,0,0
1044,0,0
1045,0,0
1046,0,0
1047,0,0
1048,0,0
1049,0,0
1050,0,0
1051,0,0
1050,0,0
1053,0,0
1054,0,0
1055,0,0
1056,0,0
1057,0,0
1058,0,0
1059,0,0
1060,0,0
1061,0,0
1060,0,0
1063,0,0
1064,0,0
1065,0,0
1066,0,0
1067,0,0
1068,0,0
1069,0,0
1070,0,0
1071,0,0
1070,0,0
1073,0,0
1074,0,0
1075,0,0
1076,0,0
1077,0,0
1078,0,0
1079,0,0
1080,0,0
1081,0,0
1080,0,0
1083,0,0
1084,0,0
1085,0,0
1086,0,0
1087,0,0
1088,0,0
1089,0,0
1090,0,0
1091,0,0
1090,0,0
1093,0,0
1094,0,0
1095,0,0
1096,0,0
1097,0,0
1098,0,0
1099,0,0
1300,0,0
1301,0,0
1300,0,0
1303,0,0
1304,0,0
1305,0,0
1306,0,0
1307,0,0
1308,0,0
1309,0,0
1310,0,0
1311,0,0
1310,0,0
1313,0,0
1314,0,0
1315,0,0
1316,0,0
1317,0,0
1318,0,0
1319,0,0
1300,0,0
1301,0,0
1300,0,0
1303,0,0
1304,0,0
1305,0,0
1306,0,0
1307,0,0
1308,0,0
1309,0,0
1330,0,0
1331,0,0
1330,0,0
1333,0,0
1334,0,0
1335,0,0
1336,0,0
1337,0,0
1338,0,0
1339,0,0
1340,0,0
1341,0,0
1340,0,0
1343,0,0
1344,0,0
1345,0,0
1346,0,0
1347,0,0
1348,0,0
1349,0,0
1350,0,0
1351,0,0
1350,0,0
1353,0,0
1354,0,0
1355,0,0
1356,0,0
1357,0,0
1358,0,0
1359,0,0
1360,0,0
1361,0,0
1360,0,0
1363,0,0
1364,0,0
1365,0,0
1366,0,0
1367,0,0
1368,0,0
1369,0,0
1370,0,0
1371,0,0
1370,0,0
1373,0,0
1374,0,0
1375,0,0
1376,0,0
1377,0,0
1378,0,0
1379,0,0
1380,0,0
1381,0,0
1380,0,0
1383,0,0
1384,0,0
1385,0,0
1386,0,0
1387,0,0
1388,0,0
1389,0,0
1390,0,0
1391,0,0
1390,0,0
1393,0,0
1394,0,0
1395,0,0
1396,0,0
1397,0,0
1398,0,0
1399,0,0
1400,0,0
1401,0,0
1400,0,0
1403,0,0
1404,0,0
1405,0,0
1406,0,0
1407,0,0
1408,0,0
1409,0,0
1410,0,0
1411,0,0
1410,0,0
1413,0,0
1414,0,0
1415,0,0
1416,0,0
1417,0,0
1418,0,0
1419,0,0
1400,0,0
1401,0,0
1400,0,0
1403,0,0
1404,0,0
1405,0,0
1406,0,0
1407,0,1
1408,0,0
1409,0,0
1430,0,0
1431,0,0
1430,0,0
1433,0,0
1434,0,0
1435,0,0
1436,0,0
1437,0,0
1438,0,0
1439,0,0
1440,0,0
1441,0,0
1440,0,0
1443,0,0
1444,0,0
1445,0,0
1446,0,0
1447,0,0
1448,0,0
1449,0,0
1450,0,0
1451,0,0
1450,0,0
1453,0,0
1454,0,0
1455,0,0
1456,0,0
1457,0,0
1458,0,0
1459,0,0
1460,0,0
1461,0,0
1460,0,0
1463,0,0
1464,0,0
1465,0,0
1466,0,0
1467,0,0
1468,0,0
1469,0,0
1470,0,0
1471,0,0
1470,0,0
1473,0,0
1474,0,0
1475,0,0
1476,0,0
1477,0,0
1478,0,0
1479,0,0
1480,0,0
1481,0,0
1480,0,0
1483,0,0
1484,0,0
1485,0,0
1486,0,0
1487,0,0
1488,0,0
1489,0,0
1490,0,0
1491,0,0
1490,0,0
1493,0,0
1494,0,0
1495,0,0
1496,0,0
1497,0,0
1498,0,0
1499,0,0
1500,0,0
1501,0,0
1500,0,0
1503,0,0
1504,0,0
1505,0,0
1506,0,0
1507,0,0
1508,0,0
1509,0,0
1510,0,0
1511,0,0
1510,0,0
1513,0,0
1514,0,0
1515,0,0
1516,0,0
1517,0,0
1518,0,0
1519,0,0
1500,0,0
1501,0,0
1500,0,0
1503,0,0
1504,0,0
1505,0,0
1506,0,0
1507,0,0
1508,0,0
1509,0,0
1530,0,0
1531,0,0
1530,0,0
1533,0,0
1534,0,0
1535,0,0
1536,0,0
1537,0,0
1538,0,0
1539,0,0
1540,0,0
1541,0,0
1540,0,0
1543,0,0
1544,0,0
1545,0,0
1546,0,0
1547,0,0
1548,0,0
1549,0,0
1550,0,0
1551,0,0
1550,0,0
1553,0,0
1554,0,0
1555,0,0
1556,0,0
1557,0,0
1558,0,0
1559,0,0
1560,0,0
1561,0,0
1560,0,0
1563,0,0
1564,0,0
1565,0,0
1566,0,0
1567,0,0
1568,0,0
1569,0,0
1570,0,0
1571,0,0
1570,0,0
1573,0,0
1574,0,0
1575,0,0
1576,0,0
1577,0,0
1578,0,0
1579,0,0
1580,0,0
1581,0,0
1580,0,0
1583,0,0
1584,0,0
1585,0,0
1586,0,0
1587,0,0
1588,0,0
1589,0,0
1590,0,0
1591,0,0
1590,0,0
1593,0,0
1594,0,0
1595,0,0
1596,0,0
1597,0,0
1598,0,0
1599,0,0
1600,0,0
1601,0,0
1600,0,0
1603,0,0
1604,0,0
1605,0,0
1606,0,0
1607,0,0
1608,0,0
1609,0,0
1610,0,0
1611,0,0
1610,0,0
1613,0,0
1614,0,0
1615,0,0
1616,0,0
1617,0,0
1618,0,0
1619,0,0
1600,0,0
1601,0,0
1600,0,0
1603,0,0
1604,0,0
1605,0,0
1606,0,0
1607,0,0
1608,0,0
1609,0,0
1630,0,0
1631,0,0
1630,0,0
1633,0,0
1634,0,0
1635,0,0
1636,0,0
1637,0,0
1638,0,0
1639,0,0
1640,0,0
1641,0,0
1640,0,0
1643,0,0
1644,0,0
1645,0,0
1646,0,0
1647,0,0
1648,0,0
1649,0,0
1650,0,0
1651,0,0
1650,0,0
1653,0,0
1654,0,0
1655,0,0
1656,0,0
1657,0,0
1658,0,0
1659,0,0
1660,0,0
1661,0,0
1660,0,0
1663,0,0
1664,0,0
1665,0,0
1666,0,0
1667,0,0
1668,0,0
1669,0,0
1670,0,0
1671,0,0
1670,0,0
1673,0,0
1674,0,0
1675,0,0
1676,0,0
1677,0,0
1678,0,0
1679,0,0
1680,0,0
1681,0,0
1680,0,0
1683,0,0
1684,0,0
1685,0,0
1686,0,0
1687,0,0
1688,0,0
1689,0,0
1690,0,0
1691,0,0
1690,0,0
1693,0,0
1694,0,0
1695,0,0
1696,0,0
1697,0,0
1698,0,0
1699,0,0
1700,0,0
1701,0,0
1700,0,0
1703,0,0
1704,0,0
1705,0,0
1706,0,0
1707,0,0
1708,0,0
1709,0,0
1710,0,0
1711,0,0
1710,0,0
1713,0,0
1714,0,0
1715,0,0
1716,0,0
1717,0,0
1718,0,0
1719,0,0
1700,0,0
1701,0,0
1700,0,0
1703,0,0
1704,0,0
1705,0,0
1706,0,0
1707,0,0
1708,0,0
1709,0,0
1730,0,0
1731,0,0
1730,0,0
1733,0,0
1734,0,0
1735,0,0
1736,0,0
1737,0,0
1738,0,0
1739,0,0
1740,0,0
1741,0,0
1740,0,0
1743,0,0
1744,0,0
1745,0,0
1746,0,0
1747,0,0
1748,0,0
1749,0,0
1750,0,0
1751,0,0
1750,0,0
1753,0,0
1754,0,0
1755,0,0
1756,0,0
1757,0,0
1758,0,0
1759,0,0
1760,0,0
1761,0,0
1760,0,0
1763,0,0
1764,0,0
1765,0,0
1766,0,0
1767,0,0
1768,0,0
1769,0,0
1770,0,0
1771,0,0
1770,0,0
1773,0,0
1774,0,0
1775,0,0
1776,0,0
1777,0,0
1778,0,0
1779,0,0
1780,0,0
1781,0,0
1780,0,0
1783,0,0
1784,0,0
1785,0,0
1786,0,0
1787,0,0
1788,0,0
1789,0,0
1790,0,0
1791,0,0
1790,0,0
1793,0,0
1794,0,0
1795,0,0
1796,0,0
1797,0,0
1798,0,0
1799,0,0
1800,0,0
1801,0,0
1800,0,0
1803,0,0
1804,0,0
1805,0,0
1806,0,0
1807,0,0
1808,0,0
1809,0,0
1810,0,0
1811,0,0
1810,0,0
1813,0,0
1814,0,0
1815,0,0
1816,0,0
1817,0,0
1818,0,0
1819,0,0
1800,0,0
1801,0,0
1800,0,0
1803,0,0
1804,0,0
1805,0,0
1806,0,0
1807,0,0
1808,0,0
1809,0,0
1830,0,0
1831,0,0
1830,0,0
1833,0,0
1834,0,0
1835,0,0
1836,0,0
1837,0,0
1838,0,0
1839,0,0
1840,0,0
1841,0,0
1840,0,0
1843,0,0
1844,0,0
1845,0,0
1846,0,0
1847,0,0
1848,0,0
1849,0,0
1850,0,0
1851,0,0
1850,0,0
1853,0,0
1854,0,0
1855,0,0
1856,0,0
1857,0,0
1858,0,0
1859,0,0
1860,0,0
1861,0,0
1860,0,0
1863,0,0
1864,0,0
1865,0,0
1866,0,0
1867,0,0
1868,0,0
1869,0,0
1870,0,0
1871,0,0
1870,0,0
1873,0,0
1874,0,0
1875,0,0
1876,0,0
1877,0,0
1878,0,0
1879,0,0
1880,0,0
1881,0,0
1880,0,0
1883,0,0
1884,0,0
1885,0,0
1886,0,0
1887,0,0
1888,0,0
1889,0,0
1890,0,0
1891,0,0
1890,0,0
1893,0,0
1894,0,0
1895,0,0
1896,0,0
1897,0,0
1898,0,0
1899,0,0
1900,0,0
1901,0,0
1900,0,0
1903,0,0
1904,0,1
1905,0,1
1906,0,0
1907,0,0
1908,0,0
1909,0,0
1910,0,0
1911,0,0
1910,0,0
1913,0,1
1914,0,1
1915,0,0
1916,0,0
1917,0,0
1918,0,0
1919,0,0
1900,0,0
1901,0,0
1900,0,0
1903,0,0
1904,0,0
1905,0,0
1906,0,0
1907,0,0
1908,0,0
1909,0,0
1930,0,0
1931,0,0
1930,0,0
1933,0,0
1934,0,0
1935,0,0
1936,0,0
1937,0,0
1938,0,0
1939,0,0
1940,0,0
1941,0,0
1940,0,0
1943,0,0
1944,0,0
1945,0,0
1946,0,0
1947,0,0
1948,0,0
1949,0,0
1950,0,0
1951,0,0
1950,0,0
1953,0,0
1954,0,0
1955,0,0
1956,0,0
1957,0,0
1958,0,0
1959,0,0
1960,0,0
1961,0,0
1960,0,0
1963,0,0
1964,0,0
1965,0,0
1966,0,0
1967,0,0
1968,0,0
1969,0,0
1970,0,0
1971,0,0
1970,0,0
1973,0,0
1974,0,0
1975,0,0
1976,0,0
1977,0,0
1978,0,0
1979,0,0
1980,0,0
1981,0,0
1980,0,0
1983,0,0
1984,0,0
1985,0,0
1986,0,0
1987,0,0
1988,0,0
1989,0,0
1990,0,0
1991,0,0
1990,0,0
1993,0,0
1994,0,0
1995,0,0
1996,0,0
1997,0,0
1998,0,0
1999,0,0
0,1,1
1,1,0
0,1,0
3,1,1
4,1,0
5,1,0
6,1,0
7,1,1
8,1,1
9,1,1
10,1,1
11,1,1
10,1,1
13,1,0
14,1,1
15,1,0
16,1,0
17,1,0
18,1,1
19,1,0
0,1,0
1,1,0
0,1,0
3,1,0
4,1,1
5,1,1
6,1,1
7,1,1
8,1,0
9,1,0
30,1,1
31,1,1
30,1,1
33,1,1
34,1,0
35,1,0
36,1,0
37,1,0
38,1,0
39,1,0
40,1,0
41,1,1
40,1,1
43,1,0
44,1,0
45,1,1
46,1,1
47,1,0
48,1,0
49,1,0
50,1,0
51,1,0
50,1,0
53,1,0
54,1,0
55,1,0
56,1,1
57,1,1
58,1,1
59,1,1
60,1,1
61,1,1
60,1,0
63,1,1
64,1,1
65,1,1
66,1,0
67,1,1
68,1,1
69,1,1
70,1,0
71,1,0
70,1,0
73,1,0
74,1,0
75,1,0
76,1,0
77,1,1
78,1,0
79,1,0
80,1,0
81,1,1
80,1,1
83,1,1
84,1,0
85,1,1
86,1,1
87,1,0
88,1,1
89,1,1
90,1,1
91,1,1
90,1,0
93,1,0
94,1,0
95,1,0
96,1,1
97,1,1
98,1,1
99,1,0
100,1,1
101,1,1
100,1,1
103,1,0
104,1,1
105,1,0
106,1,0
107,1,1
108,1,1
109,1,1
110,1,0
111,1,1
110,1,1
113,1,1
114,1,1
115,1,1
116,1,0
117,1,0
118,1,0
119,1,0
100,1,1
101,1,1
100,1,1
103,1,1
104,1,1
105,1,1
106,1,1
107,1,1
108,1,0
109,1,0
130,1,1
131,1,0
130,1,0
133,1,0
134,1,0
135,1,0
136,1,1
137,1,1
138,1,0
139,1,0
140,1,0
141,1,1
140,1,1
143,1,1
144,1,0
145,1,1
146,1,1
147,1,0
148,1,0
149,1,1
150,1,0
151,1,0
150,1,0
153,1,1
154,1,1
155,1,1
156,1,1
157,1,1
158,1,0
159,1,0
160,1,0
161,1,0
160,1,0
163,1,0
164,1,0
165,1,0
166,1,1
167,1,1
168,1,1
169,1,1
170,1,0
171,1,0
170,1,0
173,1,0
174,1,0
175,1,0
176,1,0
177,1,0
178,1,0
179,1,0
180,1,1
181,1,0
180,1,0
183,1,1
184,1,0
185,1,0
186,1,0
187,1,1
188,1,0
189,1,0
190,1,0
191,1,0
190,1,0
193,1,0
194,1,1
195,1,1
196,1,0
197,1,0
198,1,1
199,1,1
0,1,1
1,1,1
0,1,1
3,1,1
4,1,1
5,1,1
6,1,1
7,1,1
8,1,1
9,1,1
10,1,1
11,1,0
10,1,1
13,1,1
14,1,0
15,1,1
16,1,0
17,1,1
18,1,0
19,1,0
0,1,1
1,1,0
0,1,0
3,1,0
4,1,0
5,1,0
6,1,1
7,1,1
8,1,1
9,1,1
30,1,1
31,1,0
30,1,1
33,1,1
34,1,0
35,1,0
36,1,1
37,1,0
38,1,0
39,1,1
40,1,1
41,1,1
40,1,0
43,1,1
44,1,1
45,1,1
46,1,1
47,1,1
48,1,1
49,1,1
50,1,1
51,1,0
50,1,1
53,1,0
54,1,0
55,1,0
56,1,1
57,1,1
58,1,1
59,1,0
60,1,0
61,1,1
60,1,1
63,1,1
64,1,0
65,1,0
66,1,0
67,1,0
68,1,0
69,1,0
70,1,1
71,1,0
70,1,0
73,1,0
74,1,1
75,1,1
76,1,0
77,1,1
78,1,0
79,1,0
80,1,1
81,1,0
80,1,1
83,1,0
84,1,1
85,1,1
86,1,1
87,1,1
88,1,1
89,1,1
90,1,0
91,1,0
90,1,0
93,1,1
94,1,0
95,1,0
96,1,0
97,1,0
98,1,0
99,1,1
300,1,1
301,1,0
300,1,0
303,1,0
304,1,0
305,1,0
306,1,1
307,1,1
308,1,1
309,1,1
310,1,0
311,1,1
310,1,0
313,1,0
314,1,0
315,1,0
316,1,0
317,1,1
318,1,0
319,1,0
300,1,0
301,1,1
300,1,1
303,1,1
304,1,0
305,1,1
306,1,1
307,1,1
308,1,0
309,1,0
330,1,0
331,1,0
330,1,0
333,1,1
334,1,0
335,1,0
336,1,1
337,1,1
338,1,1
339,1,1
340,1,0
341,1,0
340,1,0
343,1,0
344,1,1
345,1,0
346,1,0
347,1,1
348,1,0
349,1,1
350,1,1
351,1,0
350,1,0
353,1,0
354,1,0
355,1,0
356,1,0
357,1,1
358,1,0
359,1,0
360,1,1
361,1,1
360,1,1
363,1,0
364,1,1
365,1,0
366,1,0
367,1,0
368,1,0
369,1,0
370,1,1
371,1,1
370,1,0
373,1,0
374,1,0
375,1,0
376,1,0
377,1,0
378,1,0
379,1,1
380,1,1
381,1,1
380,1,0
383,1,1
384,1,1
385,1,0
386,1,0
387,1,0
388,1,0
389,1,0
390,1,1
391,1,0
390,1,0
393,1,0
394,1,0
395,1,0
396,1,0
397,1,0
398,1,0
399,1,1
400,1,0
401,1,0
400,1,0
403,1,0
404,1,0
405,1,1
406,1,0
407,1,0
408,1,0
409,1,1
410,1,1
411,1,1
410,1,1
413,1,1
414,1,1
415,1,1
416,1,1
417,1,1
418,1,1
419,1,1
400,1,1
401,1,1
400,1,0
403,1,0
404,1,1
405,1,0
406,1,1
407,1,0
408,1,0
409,1,0
430,1,1
431,1,1
430,1,1
433,1,1
434,1,1
435,1,1
436,1,1
437,1,1
438,1,1
439,1,1
440,1,1
441,1,1
440,1,1
443,1,1
444,1,1
445,1,1
446,1,1
447,1,1
448,1,1
449,1,1
450,1,0
451,1,1
450,1,1
453,1,1
454,1,1
455,1,1
456,1,1
457,1,1
458,1,1
459,1,1
460,1,1
461,1,1
460,1,1
463,1,1
464,1,1
465,1,1
466,1,1
467,1,1
468,1,1
469,1,1
470,1,1
471,1,1
470,1,1
473,1,1
474,1,1
475,1,1
476,1,1
477,1,1
478,1,1
479,1,1
480,1,1
481,1,1
480,1,1
483,1,1
484,1,1
485,1,1
486,1,1
487,1,1
488,1,1
489,1,1
490,1,1
491,1,1
490,1,1
493,1,1
494,1,1
495,1,1
496,1,1
497,1,1
498,1,1
499,1,1
500,1,1
501,1,1
500,1,1
503,1,1
504,1,1
505,1,1
506,1,1
507,1,1
508,1,1
509,1,1
510,1,1
511,1,1
510,1,1
513,1,1
514,1,1
515,1,1
516,1,1
517,1,1
518,1,1
519,1,1
500,1,1
501,1,1
500,1,1
503,1,1
504,1,1
505,1,1
506,1,1
507,1,1
508,1,1
509,1,1
530,1,1
531,1,1
530,1,1
533,1,1
534,1,1
535,1,1
536,1,1
537,1,1
538,1,1
539,1,1
540,1,1
541,1,1
540,1,1
543,1,1
544,1,1
545,1,1
546,1,1
547,1,1
548,1,1
549,1,1
550,1,1
551,1,1
550,1,1
553,1,1
554,1,1
555,1,1
556,1,1
557,1,1
558,1,1
559,1,0
560,1,1
561,1,1
560,1,1
563,1,1
564,1,1
565,1,1
566,1,1
567,1,1
568,1,1
569,1,1
570,1,1
571,1,1
570,1,1
573,1,1
574,1,1
575,1,1
576,1,1
577,1,1
578,1,1
579,1,1
580,1,1
581,1,1
580,1,1
583,1,1
584,1,1
585,1,1
586,1,1
587,1,1
588,1,1
589,1,0
590,1,1
591,1,1
590,1,1
593,1,1
594,1,1
595,1,1
596,1,1
597,1,1
598,1,1
599,1,1
600,1,1
601,1,1
600,1,1
603,1,1
604,1,1
605,1,1
606,1,1
607,1,1
608,1,1
609,1,1
610,1,1
611,1,1
610,1,1
613,1,1
614,1,1
615,1,1
616,1,1
617,1,1
618,1,1
619,1,1
600,1,1
601,1,1
600,1,1
603,1,1
604,1,1
605,1,1
606,1,1
607,1,1
608,1,1
609,1,1
630,1,1
631,1,1
630,1,1
633,1,1
634,1,1
635,1,1
636,1,1
637,1,1
638,1,1
639,1,1
640,1,1
641,1,1
640,1,1
643,1,1
644,1,1
645,1,1
646,1,1
647,1,1
648,1,1
649,1,1
650,1,1
651,1,1
650,1,1
653,1,1
654,1,1
655,1,1
656,1,1
657,1,1
658,1,1
659,1,1
660,1,1
661,1,1
660,1,1
663,1,1
664,1,1
665,1,1
666,1,1
667,1,1
668,1,1
669,1,1
670,1,1
671,1,1
670,1,1
673,1,1
674,1,1
675,1,1
676,1,1
677,1,1
678,1,1
679,1,1
680,1,1
681,1,1
680,1,1
683,1,0
684,1,1
685,1,1
686,1,1
687,1,1
688,1,1
689,1,1
690,1,1
691,1,1
690,1,1
693,1,1
694,1,1
695,1,1
696,1,1
697,1,1
698,1,1
699,1,0
700,1,1
701,1,1
700,1,1
703,1,1
704,1,1
705,1,1
706,1,1
707,1,1
708,1,1
709,1,1
710,1,1
711,1,1
710,1,1
713,1,1
714,1,1
715,1,1
716,1,1
717,1,1
718,1,1
719,1,1
700,1,1
701,1,1
700,1,1
703,1,1
704,1,1
705,1,1
706,1,0
707,1,1
708,1,1
709,1,1
730,1,1
731,1,1
730,1,1
733,1,1
734,1,1
735,1,1
736,1,1
737,1,1
738,1,1
739,1,1
740,1,1
741,1,1
740,1,1
743,1,1
744,1,1
745,1,1
746,1,1
747,1,1
748,1,1
749,1,1
750,1,1
751,1,1
750,1,1
753,1,1
754,1,1
755,1,1
756,1,1
757,1,1
758,1,1
759,1,1
760,1,1
761,1,1
760,1,1
763,1,1
764,1,1
765,1,1
766,1,1
767,1,1
768,1,1
769,1,1
770,1,1
771,1,1
770,1,1
773,1,1
774,1,1
775,1,1
776,1,1
777,1,1
778,1,1
779,1,1
780,1,1
781,1,1
780,1,1
783,1,1
784,1,1
785,1,1
786,1,1
787,1,1
788,1,1
789,1,1
790,1,1
791,1,1
790,1,1
793,1,1
794,1,1
795,1,1
796,1,1
797,1,1
798,1,1
799,1,1
800,1,1
801,1,1
800,1,1
803,1,1
804,1,1
805,1,1
806,1,1
807,1,1
808,1,1
809,1,1
810,1,1
811,1,1
810,1,1
813,1,1
814,1,1
815,1,1
816,1,1
817,1,1
818,1,1
819,1,1
800,1,1
801,1,1
800,1,1
803,1,1
804,1,1
805,1,1
806,1,1
807,1,1
808,1,1
809,1,1
830,1,1
831,1,1
830,1,1
833,1,1
834,1,1
835,1,1
836,1,1
837,1,1
838,1,1
839,1,1
840,1,1
841,1,1
840,1,1
843,1,1
844,1,1
845,1,1
846,1,1
847,1,1
848,1,1
849,1,1
850,1,1
851,1,1
850,1,1
853,1,1
854,1,1
855,1,1
856,1,1
857,1,1
858,1,1
859,1,1
860,1,1
861,1,1
860,1,1
863,1,1
864,1,1
865,1,1
866,1,1
867,1,1
868,1,1
869,1,1
870,1,1
871,1,1
870,1,1
873,1,1
874,1,1
875,1,1
876,1,1
877,1,1
878,1,1
879,1,1
880,1,1
881,1,1
880,1,1
883,1,1
884,1,1
885,1,1
886,1,1
887,1,1
888,1,1
889,1,1
890,1,1
891,1,1
890,1,1
893,1,1
894,1,1
895,1,1
896,1,1
897,1,1
898,1,1
899,1,1
900,1,1
901,1,1
900,1,1
903,1,1
904,1,1
905,1,1
906,1,1
907,1,1
908,1,1
909,1,1
910,1,1
911,1,1
910,1,1
913,1,1
914,1,1
915,1,1
916,1,1
917,1,1
918,1,1
919,1,1
900,1,1
901,1,1
900,1,1
903,1,1
904,1,1
905,1,1
906,1,1
907,1,1
908,1,1
909,1,1
930,1,1
931,1,1
930,1,1
933,1,1
934,1,1
935,1,1
936,1,1
937,1,1
938,1,1
939,1,1
940,1,1
941,1,0
940,1,1
943,1,1
944,1,1
945,1,1
946,1,1
947,1,1
948,1,1
949,1,1
950,1,1
951,1,1
950,1,1
953,1,1
954,1,1
955,1,1
956,1,1
957,1,1
958,1,1
959,1,1
960,1,1
961,1,1
960,1,1
963,1,1
964,1,1
965,1,1
966,1,1
967,1,1
968,1,1
969,1,1
970,1,1
971,1,1
970,1,1
973,1,1
974,1,1
975,1,1
976,1,1
977,1,0
978,1,1
979,1,1
980,1,1
981,1,1
980,1,1
983,1,1
984,1,1
985,1,1
986,1,1
987,1,1
988,1,1
989,1,1
990,1,1
991,1,1
990,1,1
993,1,1
994,1,0
995,1,1
996,1,1
997,1,1
998,1,1
999,1,1
3000,1,1
3001,1,1
3000,1,1
3003,1,1
3004,1,1
3005,1,1
3006,1,1
3007,1,1
3008,1,1
3009,1,1
3010,1,1
3011,1,1
3010,1,1
3013,1,1
3014,1,1
3015,1,1
3016,1,1
3017,1,1
3018,1,1
3019,1,1
3000,1,1
3001,1,1
3000,1,1
3003,1,1
3004,1,1
3005,1,1
3006,1,1
3007,1,1
3008,1,1
3009,1,1
3030,1,1
3031,1,1
3030,1,1
3033,1,1
3034,1,1
3035,1,1
3036,1,1
3037,1,0
3038,1,1
3039,1,1
3040,1,1
3041,1,1
3040,1,1
3043,1,1
3044,1,1
3045,1,1
3046,1,1
3047,1,1
3048,1,1
3049,1,1
3050,1,1
3051,1,1
3050,1,1
3053,1,1
3054,1,1
3055,1,0
3056,1,1
3057,1,1
3058,1,1
3059,1,1
3060,1,1
3061,1,1
3060,1,1
3063,1,1
3064,1,1
3065,1,1
3066,1,1
3067,1,1
3068,1,1
3069,1,1
3070,1,1
3071,1,1
3070,1,1
3073,1,1
3074,1,1
3075,1,0
3076,1,1
3077,1,1
3078,1,1
3079,1,1
3080,1,1
3081,1,1
3080,1,1
3083,1,1
3084,1,1
3085,1,1
3086,1,1
3087,1,1
3088,1,1
3089,1,1
3090,1,1
3091,1,1
3090,1,1
3093,1,1
3094,1,0
3095,1,1
3096,1,1
3097,1,1
3098,1,1
3099,1,1
3100,1,1
3101,1,1
3100,1,1
3103,1,1
3104,1,1
3105,1,1
3106,1,1
3107,1,1
3108,1,1
3109,1,1
3110,1,1
3111,1,1
3110,1,1
3113,1,1
3114,1,1
3115,1,1
3116,1,1
3117,1,1
3118,1,1
3119,1,1
3100,1,1
3101,1,1
3100,1,1
3103,1,1
3104,1,1
3105,1,1
3106,1,1
3107,1,1
3108,1,1
3109,1,1
3130,1,1
3131,1,1
3130,1,1
3133,1,1
3134,1,1
3135,1,1
3136,1,1
3137,1,1
3138,1,1
3139,1,1
3140,1,1
3141,1,1
3140,1,1
3143,1,1
3144,1,1
3145,1,1
3146,1,1
3147,1,1
3148,1,1
3149,1,1
3150,1,1
3151,1,1
3150,1,1
3153,1,1
3154,1,1
3155,1,1
3156,1,1
3157,1,1
3158,1,1
3159,1,1
3160,1,1
3161,1,1
3160,1,1
3163,1,1
3164,1,1
3165,1,1
3166,1,1
3167,1,1
3168,1,1
3169,1,1
3170,1,1
3171,1,1
3170,1,1
3173,1,1
3174,1,1
3175,1,1
3176,1,1
3177,1,1
3178,1,1
3179,1,1
3180,1,0
3181,1,1
3180,1,1
3183,1,1
3184,1,1
3185,1,1
3186,1,1
3187,1,1
3188,1,1
3189,1,1
3190,1,1
3191,1,1
3190,1,1
3193,1,1
3194,1,1
3195,1,1
3196,1,1
3197,1,1
3198,1,1
3199,1,1
3000,1,1
3001,1,1
3000,1,1
3003,1,1
3004,1,1
3005,1,1
3006,1,1
3007,1,1
3008,1,1
3009,1,1
3010,1,1
3011,1,1
3010,1,1
3013,1,1
3014,1,1
3015,1,1
3016,1,1
3017,1,1
3018,1,1
3019,1,1
3000,1,1
3001,1,1
3000,1,1
3003,1,1
3004,1,0
3005,1,1
3006,1,1
3007,1,1
3008,1,1
3009,1,1
3030,1,1
3031,1,1
3030,1,1
3033,1,1
3034,1,1
3035,1,1
3036,1,1
3037,1,1
3038,1,1
3039,1,1
3040,1,1
3041,1,1
3040,1,1
3043,1,1
3044,1,1
3045,1,1
3046,1,1
3047,1,1
3048,1,1
3049,1,1
3050,1,1
3051,1,1
3050,1,1
3053,1,1
3054,1,1
3055,1,1
3056,1,1
3057,1,1
3058,1,1
3059,1,1
3060,1,1
3061,1,1
3060,1,1
3063,1,1
3064,1,1
3065,1,1
3066,1,1
3067,1,1
3068,1,1
3069,1,1
3070,1,1
3071,1,1
3070,1,1
3073,1,1
3074,1,1
3075,1,1
3076,1,1
3077,1,1
3078,1,1
3079,1,1
3080,1,1
3081,1,1
3080,1,1
3083,1,1
3084,1,1
3085,1,1
3086,1,1
3087,1,1
3088,1,1
3089,1,1
3090,1,1
3091,1,0
3090,1,1
3093,1,1
3094,1,1
3095,1,1
3096,1,1
3097,1,1
3098,1,1
3099,1,1
3300,1,1
3301,1,1
3300,1,1
3303,1,1
3304,1,1
3305,1,1
3306,1,1
3307,1,1
3308,1,1
3309,1,1
3310,1,1
3311,1,1
3310,1,1
3313,1,1
3314,1,1
3315,1,1
3316,1,1
3317,1,1
3318,1,1
3319,1,1
3300,1,1
3301,1,1
3300,1,1
3303,1,1
3304,1,1
3305,1,1
3306,1,1
3307,1,1
3308,1,1
3309,1,1
3330,1,1
3331,1,1
3330,1,1
3333,1,1
3334,1,1
3335,1,1
3336,1,1
3337,1,1
3338,1,1
3339,1,1
3340,1,1
3341,1,1
3340,1,1
3343,1,1
3344,1,1
3345,1,1
3346,1,1
3347,1,1
3348,1,1
3349,1,1
3350,1,1
3351,1,1
3350,1,1
3353,1,1
3354,1,1
3355,1,1
3356,1,1
3357,1,1
3358,1,1
3359,1,1
3360,1,1
3361,1,1
3360,1,1
3363,1,1
3364,1,1
3365,1,1
3366,1,1
3367,1,1
3368,1,1
3369,1,1
3370,1,1
3371,1,1
3370,1,1
3373,1,1
3374,1,1
3375,1,1
3376,1,1
3377,1,1
3378,1,1
3379,1,1
3380,1,1
3381,1,1
3380,1,1
3383,1,1
3384,1,1
3385,1,1
3386,1,1
3387,1,1
3388,1,1
3389,1,1
3390,1,1
3391,1,1
3390,1,1
3393,1,1
3394,1,1
3395,1,1
3396,1,1
3397,1,1
3398,1,1
3399,1,1
3400,1,1
3401,1,1
3400,1,1
3403,1,1
3404,1,1
3405,1,1
3406,1,1
3407,1,1
3408,1,1
3409,1,1
3410,1,1
3411,1,1
3410,1,1
3413,1,1
3414,1,1
3415,1,1
3416,1,1
3417,1,1
3418,1,1
3419,1,1
3400,1,1
3401,1,1
3400,1,1
3403,1,1
3404,1,1
3405,1,1
3406,1,1
3407,1,1
3408,1,1
3409,1,1
3430,1,1
3431,1,1
3430,1,1
3433,1,1
3434,1,1
3435,1,1
3436,1,1
3437,1,1
3438,1,1
3439,1,1
3440,1,1
3441,1,1
3440,1,1
3443,1,1
3444,1,1
3445,1,1
3446,1,1
3447,1,1
3448,1,1
3449,1,1
3450,1,1
3451,1,1
3450,1,1
3453,1,1
3454,1,1
3455,1,1
3456,1,1
3457,1,1
3458,1,1
3459,1,1
3460,1,1
3461,1,1
3460,1,1
3463,1,1
3464,1,1
3465,1,1
3466,1,1
3467,1,1
3468,1,1
3469,1,1
3470,1,1
3471,1,1
3470,1,1
3473,1,1
3474,1,1
3475,1,1
3476,1,1
3477,1,1
3478,1,1
3479,1,1
3480,1,1
3481,1,1
3480,1,1
3483,1,1
3484,1,1
3485,1,1
3486,1,1
3487,1,1
3488,1,1
3489,1,1
3490,1,1
3491,1,1
3490,1,1
3493,1,1
3494,1,1
3495,1,1
3496,1,1
3497,1,1
3498,1,1
3499,1,1
3500,1,1
3501,1,1
3500,1,1
3503,1,1
3504,1,1
3505,1,1
3506,1,1
3507,1,1
3508,1,1
3509,1,1
3510,1,1
3511,1,1
3510,1,1
3513,1,1
3514,1,1
3515,1,1
3516,1,1
3517,1,1
3518,1,1
3519,1,1
3500,1,1
3501,1,1
3500,1,1
3503,1,1
3504,1,1
3505,1,1
3506,1,1
3507,1,1
3508,1,1
3509,1,1
3530,1,1
3531,1,1
3530,1,1
3533,1,1
3534,1,1
3535,1,1
3536,1,1
3537,1,1
3538,1,1
3539,1,1
3540,1,1
3541,1,1
3540,1,1
3543,1,1
3544,1,1
3545,1,1
3546,1,1
3547,1,1
3548,1,1
3549,1,1
3550,1,1
3551,1,1
3550,1,1
3553,1,1
3554,1,1
3555,1,1
3556,1,1
3557,1,1
3558,1,1
3559,1,1
3560,1,1
3561,1,1
3560,1,1
3563,1,1
3564,1,1
3565,1,1
3566,1,1
3567,1,1
3568,1,1
3569,1,1
3570,1,1
3571,1,1
3570,1,1
3573,1,1
3574,1,1
3575,1,1
3576,1,1
3577,1,1
3578,1,1
3579,1,1
3580,1,1
3581,1,1
3580,1,1
3583,1,1
3584,1,1
3585,1,1
3586,1,1
3587,1,1
3588,1,1
3589,1,1
3590,1,1
3591,1,1
3590,1,1
3593,1,1
3594,1,1
3595,1,1
3596,1,1
3597,1,1
3598,1,1
3599,1,1
3600,1,1
3601,1,1
3600,1,1
3603,1,1
3604,1,1
3605,1,1
3606,1,1
3607,1,1
3608,1,1
3609,1,1
3610,1,1
3611,1,1
3610,1,1
3613,1,1
3614,1,1
3615,1,1
3616,1,1
3617,1,1
3618,1,1
3619,1,1
3600,1,1
3601,1,1
3600,1,1
3603,1,1
3604,1,1
3605,1,1
3606,1,1
3607,1,1
3608,1,1
3609,1,1
3630,1,1
3631,1,1
3630,1,1
3633,1,1
3634,1,1
3635,1,1
3636,1,1
3637,1,1
3638,1,1
3639,1,1
3640,1,1
3641,1,1
3640,1,1
3643,1,1
3644,1,1
3645,1,1
3646,1,1
3647,1,1
3648,1,1
3649,1,1
3650,1,1
3651,1,1
3650,1,1
3653,1,1
3654,1,1
3655,1,1
3656,1,1
3657,1,1
3658,1,1
3659,1,1
3660,1,1
3661,1,1
3660,1,1
3663,1,1
3664,1,1
3665,1,1
3666,1,1
3667,1,1
3668,1,1
3669,1,1
3670,1,1
3671,1,1
3670,1,1
3673,1,1
3674,1,1
3675,1,1
3676,1,1
3677,1,1
3678,1,1
3679,1,1
3680,1,1
3681,1,1
3680,1,1
3683,1,1
3684,1,1
3685,1,1
3686,1,1
3687,1,1
3688,1,1
3689,1,1
3690,1,1
3691,1,1
3690,1,1
3693,1,1
3694,1,1
3695,1,1
3696,1,1
3697,1,1
3698,1,1
3699,1,1
3700,1,1
3701,1,1
3700,1,1
3703,1,1
3704,1,1
3705,1,1
3706,1,1
3707,1,1
3708,1,1
3709,1,1
3710,1,1
3711,1,1
3710,1,1
3713,1,1
3714,1,1
3715,1,1
3716,1,1
3717,1,1
3718,1,1
3719,1,1
3700,1,1
3701,1,1
3700,1,1
3703,1,1
3704,1,1
3705,1,1
3706,1,1
3707,1,1
3708,1,0
3709,1,1
3730,1,1
3731,1,0
3730,1,1
3733,1,1
3734,1,0
3735,1,1
3736,1,1
3737,1,1
3738,1,1
3739,1,1
3740,1,1
3741,1,0
3740,1,1
3743,1,0
3744,1,0
3745,1,0
3746,1,0
3747,1,1
3748,1,1
3749,1,0
3750,1,0
3751,1,0
3750,1,0
3753,1,0
3754,1,0
3755,1,1
3756,1,0
3757,1,1
3758,1,0
3759,1,0
3760,1,0
3761,1,0
3760,1,0
3763,1,0
3764,1,0
3765,1,0
3766,1,1
3767,1,1
3768,1,0
3769,1,0
3770,1,1
3771,1,1
3770,1,0
3773,1,0
3774,1,0
3775,1,0
3776,1,0
3777,1,0
3778,1,0
3779,1,0
3780,1,0
3781,1,1
3780,1,1
3783,1,0
3784,1,0
3785,1,1
3786,1,1
3787,1,0
3788,1,0
3789,1,0
3790,1,1
3791,1,1
3790,1,0
3793,1,1
3794,1,0
3795,1,0
3796,1,0
3797,1,0
3798,1,0
3799,1,1
3800,1,1
3801,1,0
3800,1,0
3803,1,1
3804,1,1
3805,1,1
3806,1,1
3807,1,1
3808,1,1
3809,1,1
3810,1,1
3811,1,1
3810,1,1
3813,1,0
3814,1,0
3815,1,0
3816,1,1
3817,1,0
3818,1,0
3819,1,0
3800,1,1
3801,1,0
3800,1,0
3803,1,0
3804,1,1
3805,1,1
3806,1,1
3807,1,0
3808,1,1
3809,1,0
3830,1,0
3831,1,0
3830,1,1
3833,1,0
3834,1,1
3835,1,0
3836,1,1
3837,1,0
3838,1,1
3839,1,1
3840,1,1
3841,1,1
3840,1,0
3843,1,0
3844,1,1
3845,1,1
3846,1,0
3847,1,1
3848,1,1
3849,1,1
3850,1,1
3851,1,1
3850,1,0
3853,1,1
3854,1,1
3855,1,1
3856,1,0
3857,1,1
3858,1,1
3859,1,1
3860,1,1
3861,1,0
3860,1,0
3863,1,1
3864,1,0
3865,1,0
3866,1,0
3867,1,0
3868,1,0
3869,1,0
3870,1,0
3871,1,1
3870,1,1
3873,1,0
3874,1,0
3875,1,0
3876,1,1
3877,1,1
3878,1,0
3879,1,1
3880,1,1
3881,1,1
3880,1,1
3883,1,0
3884,1,0
3885,1,0
3886,1,1
3887,1,0
3888,1,1
3889,1,1
3890,1,1
3891,1,0
3890,1,0
3893,1,0
3894,1,1
3895,1,0
3896,1,1
3897,1,1
3898,1,0
3899,1,0
3900,1,0
3901,1,0
3900,1,0
3903,1,0
3904,1,0
3905,1,1
3906,1,0
3907,1,0
3908,1,0
3909,1,0
3910,1,0
3911,1,0
3910,1,1
3913,1,0
3914,1,0
3915,1,0
3916,1,1
3917,1,1
3918,1,1
3919,1,1
3900,1,0
3901,1,0
3900,1,0
3903,1,0
3904,1,1
3905,1,0
3906,1,1
3907,1,0
3908,1,0
3909,1,0
3930,1,0
3931,1,1
3930,1,0
3933,1,0
3934,1,0
3935,1,0
3936,1,0
3937,1,0
3938,1,0
3939,1,0
3940,1,1
3941,1,0
3940,1,0
3943,1,1
3944,1,1
3945,1,1
3946,1,0
3947,1,0
3948,1,0
3949,1,1
3950,1,0
3951,1,1
3950,1,0
3953,1,1
3954,1,0
3955,1,1
3956,1,0
3957,1,0
3958,1,0
3959,1,0
3960,1,0
3961,1,0
3960,1,0
3963,1,0
3964,1,1
3965,1,0
3966,1,0
3967,1,0
3968,1,1
3969,1,1
3970,1,1
3971,1,0
3970,1,0
3973,1,0
3974,1,0
3975,1,0
3976,1,0
3977,1,1
3978,1,1
3979,1,0
3980,1,0
3981,1,1
3980,1,0
3983,1,0
3984,1,0
3985,1,0
3986,1,1
3987,1,0
3988,1,1
3989,1,1
3990,1,1
3991,1,1
3990,1,1
3993,1,1
3994,1,1
3995,1,1
3996,1,0
3997,1,0
3998,1,0
3999,1,0
4000,0,0
4001,0,0
4000,0,0
4003,0,0
4004,0,0
4005,0,0
4006,0,0
4007,0,0
4008,0,0
4009,0,0
4010,0,0
4011,0,0
4010,0,0
4013,0,0
4014,0,0
4015,0,0
4016,0,0
4017,0,0
4018,0,0
4019,0,0
4000,0,0
4001,0,0
4000,0,0
4003,0,0
4004,0,0
4005,0,0
4006,0,0
4007,0,0
4008,0,0
4009,0,0
4030,0,0
4031,0,0
4030,0,0
4033,0,0
4034,0,0
4035,0,0
4036,0,0
4037,0,0
4038,0,0
4039,0,0
4040,0,0
4041,0,0
4040,0,0
4043,0,0
4044,0,0
4045,0,0
4046,0,0
4047,0,0
4048,0,0
4049,0,0
4050,0,0
4051,0,0
4050,0,0
4053,0,0
4054,0,0
4055,0,0
4056,0,0
4057,0,0
4058,0,0
4059,0,0
4060,0,0
4061,0,0
4060,0,0
4063,0,0
4064,0,0
4065,0,0
4066,0,0
4067,0,0
4068,0,0
4069,0,0
4070,0,0
4071,0,0
4070,0,0
4073,0,0
4074,0,0
4075,0,0
4076,0,0
4077,0,0
4078,0,0
4079,0,0
4080,0,0
4081,0,0
4080,0,0
4083,0,0
4084,0,0
4085,0,0
4086,0,0
4087,0,0
4088,0,0
4089,0,0
4090,0,0
4091,0,0
4090,0,0
4093,0,0
4094,0,0
4095,0,0
4096,0,0
4097,0,0
4098,0,0
4099,0,0
4100,0,0
4101,0,0
4100,0,1
4103,0,0
4104,0,0
4105,0,0
4106,0,0
4107,0,0
4108,0,0
4109,0,0
4110,0,0
4111,0,0
4110,0,0
4113,0,0
4114,0,0
4115,0,0
4116,0,0
4117,0,0
4118,0,0
4119,0,0
4100,0,0
4101,0,0
4100,0,0
4103,0,0
4104,0,0
4105,0,0
4106,0,0
4107,0,0
4108,0,0
4109,0,0
4130,0,0
4131,0,0
4130,0,0
4133,0,0
4134,0,0
4135,0,0
4136,0,0
4137,0,0
4138,0,0
4139,0,0
4140,0,0
4141,0,0
4140,0,0
4143,0,0
4144,0,0
4145,0,0
4146,0,0
4147,0,0
4148,0,0
4149,0,0
4150,0,0
4151,0,0
4150,0,0
4153,0,0
4154,0,0
4155,0,0
4156,0,0
4157,0,0
4158,0,0
4159,0,0
4160,0,1
4161,0,1
4160,0,0
4163,0,0
4164,0,0
4165,0,0
4166,0,0
4167,0,0
4168,0,1
4169,0,0
4170,0,0
4171,0,0
4170,0,0
4173,0,0
4174,0,0
4175,0,0
4176,0,0
4177,0,0
4178,0,0
4179,0,0
4180,0,0
4181,0,0
4180,0,0
4183,0,0
4184,0,0
4185,0,0
4186,0,0
4187,0,0
4188,0,0
4189,0,0
4190,0,0
4191,0,0
4190,0,0
4193,0,0
4194,0,0
4195,0,0
4196,0,0
4197,0,0
4198,0,1
4199,0,0
4000,0,0
4001,0,1
4000,0,0
4003,0,0
4004,0,0
4005,0,0
4006,0,0
4007,0,1
4008,0,0
4009,0,0
4010,0,0
4011,0,0
4010,0,0
4013,0,0
4014,0,0
4015,0,0
4016,0,0
4017,0,0
4018,0,1
4019,0,0
4000,0,0
4001,0,0
4000,0,0
4003,0,0
4004,0,0
4005,0,0
4006,0,0
4007,0,0
4008,0,0
4009,0,0
4030,0,0
4031,0,0
4030,0,0
4033,0,0
4034,0,1
4035,0,0
4036,0,0
4037,0,0
4038,0,0
4039,0,0
4040,0,0
4041,0,0
4040,0,0
4043,0,0
4044,0,0
4045,0,0
4046,0,0
4047,0,0
4048,0,0
4049,0,0
4050,0,0
4051,0,0
4050,0,0
4053,0,0
4054,0,0
4055,0,0
4056,0,0
4057,0,0
4058,0,0
4059,0,0
4060,0,0
4061,0,1
4060,0,0
4063,0,0
4064,0,0
4065,0,0
4066,0,0
4067,0,0
4068,0,0
4069,0,0
4070,0,0
4071,0,0
4070,0,0
4073,0,0
4074,0,1
4075,0,0
4076,0,0
4077,0,0
4078,0,0
4079,0,0
4080,0,0
4081,0,0
4080,0,0
4083,0,0
4084,0,0
4085,0,0
4086,0,0
4087,0,0
4088,0,0
4089,0,0
4090,0,0
4091,0,0
4090,0,0
4093,0,0
4094,0,0
4095,0,0
4096,0,0
4097,0,0
4098,0,0
4099,0,0
4300,0,0
4301,0,0
4300,0,0
4303,0,0
4304,0,0
4305,0,0
4306,0,0
4307,0,0
4308,0,0
4309,0,0
4310,0,0
4311,0,0
4310,0,0
4313,0,0
4314,0,0
4315,0,0
4316,0,0
4317,0,0
4318,0,0
4319,0,0
4300,0,0
4301,0,0
4300,0,0
4303,0,0
4304,0,0
4305,0,0
4306,0,0
4307,0,0
4308,0,0
4309,0,0
4330,0,0
4331,0,0
4330,0,0
4333,0,0
4334,0,0
4335,0,0
4336,0,0
4337,0,0
4338,0,0
4339,0,0
4340,0,0
4341,0,0
4340,0,0
4343,0,0
4344,0,0
4345,0,0
4346,0,0
4347,0,0
4348,0,0
4349,0,0
4350,0,0
4351,0,0
4350,0,0
4353,0,0
4354,0,0
4355,0,0
4356,0,0
4357,0,0
4358,0,0
4359,0,0
4360,0,0
4361,0,0
4360,0,0
4363,0,0
4364,0,0
4365,0,0
4366,0,0
4367,0,0
4368,0,0
4369,0,0
4370,0,0
4371,0,0
4370,0,0
4373,0,0
4374,0,0
4375,0,0
4376,0,0
4377,0,0
4378,0,0
4379,0,0
4380,0,0
4381,0,0
4380,0,0
4383,0,0
4384,0,0
4385,0,1
4386,0,1
4387,0,1
4388,0,0
4389,0,1
4390,0,0
4391,0,0
4390,0,0
4393,0,0
4394,0,0
4395,0,0
4396,0,0
4397,0,0
4398,0,0
4399,0,0
4400,0,0
4401,0,0
4400,0,0
4403,0,0
4404,0,0
4405,0,0
4406,0,1
4407,0,0
4408,0,0
4409,0,0
4410,0,0
4411,0,0
4410,0,0
4413,0,0
4414,0,0
4415,0,0
4416,0,0
4417,0,0
4418,0,0
4419,0,0
4400,0,0
4401,0,0
4400,0,0
4403,0,0
4404,0,0
4405,0,0
4406,0,0
4407,0,0
4408,0,0
4409,0,0
4430,0,0
4431,0,0
4430,0,0
4433,0,0
4434,0,0
4435,0,0
4436,0,0
4437,0,0
4438,0,0
4439,0,0
4440,0,0
4441,0,0
4440,0,0
4443,0,0
4444,0,0
4445,0,0
4446,0,0
4447,0,0
4448,0,0
4449,0,0
4450,0,0
4451,0,0
4450,0,0
4453,0,0
4454,0,0
4455,0,0
4456,0,0
4457,0,0
4458,0,0
4459,0,0
4460,0,1
4461,0,0
4460,0,0
4463,0,0
4464,0,0
4465,0,0
4466,0,0
4467,0,0
4468,0,0
4469,0,0
4470,0,0
4471,0,0
4470,0,1
4473,0,0
4474,0,0
4475,0,0
4476,0,0
4477,0,0
4478,0,0
4479,0,0
4480,0,0
4481,0,0
4480,0,0
4483,0,0
4484,0,0
4485,0,0
4486,0,0
4487,0,0
4488,0,0
4489,0,0
4490,0,0
4491,0,0
4490,0,0
4493,0,0
4494,0,0
4495,0,0
4496,0,0
4497,0,0
4498,0,0
4499,0,0
4500,0,0
4501,0,0
4500,0,0
4503,0,0
4504,0,0
4505,0,0
4506,0,0
4507,0,0
4508,0,0
4509,0,0
4510,0,0
4511,0,0
4510,0,0
4513,0,0
4514,0,0
4515,0,1
4516,0,0
4517,0,0
4518,0,0
4519,0,0
4500,0,0
4501,0,0
4500,0,0
4503,0,0
4504,0,0
4505,0,0
4506,0,0
4507,0,0
4508,0,0
4509,0,0
4530,0,0
4531,0,0
4530,0,0
4533,0,0
4534,0,0
4535,0,0
4536,0,1
4537,0,1
4538,0,0
4539,0,1
4540,0,0
4541,0,0
4540,0,0
4543,0,0
4544,0,0
4545,0,0
4546,0,0
4547,0,0
4548,0,0
4549,0,0
4550,0,0
4551,0,1
4550,0,0
4553,0,0
4554,0,0
4555,0,0
4556,0,0
4557,0,0
4558,0,0
4559,0,0
4560,0,0
4561,0,0
4560,0,0
4563,0,0
4564,0,0
4565,0,0
4566,0,0
4567,0,0
4568,0,0
4569,0,0
4570,0,0
4571,0,0
4570,0,0
4573,0,1
4574,0,0
4575,0,0
4576,0,0
4577,0,0
4578,0,0
4579,0,0
4580,0,0
4581,0,0
4580,0,0
4583,0,0
4584,0,0
4585,0,0
4586,0,0
4587,0,0
4588,0,0
4589,0,0
4590,0,0
4591,0,0
4590,0,0
4593,0,0
4594,0,0
4595,0,0
4596,0,0
4597,0,0
4598,0,0
4599,0,0
4600,0,0
4601,0,1
4600,0,0
4603,0,0
4604,0,0
4605,0,0
4606,0,0
4607,0,0
4608,0,0
4609,0,0
4610,0,0
4611,0,0
4610,0,0
4613,0,0
4614,0,0
4615,0,0
4616,0,0
4617,0,0
4618,0,0
4619,0,0
4600,0,0
4601,0,0
4600,0,1
4603,0,0
4604,0,0
4605,0,0
4606,0,0
4607,0,0
4608,0,1
4609,0,0
4630,0,0
4631,0,0
4630,0,0
4633,0,0
4634,0,0
4635,0,0
4636,0,0
4637,0,0
4638,0,0
4639,0,0
4640,0,0
4641,0,0
4640,0,0
4643,0,0
4644,0,0
4645,0,0
4646,0,0
4647,0,0
4648,0,0
4649,0,0
4650,0,0
4651,0,0
4650,0,0
4653,0,0
4654,0,0
4655,0,0
4656,0,0
4657,0,0
4658,0,0
4659,0,0
4660,0,0
4661,0,0
4660,0,0
4663,0,0
4664,0,0
4665,0,0
4666,0,0
4667,0,0
4668,0,0
4669,0,0
4670,0,0
4671,0,0
4670,0,0
4673,0,0
4674,0,0
4675,0,0
4676,0,0
4677,0,0
4678,0,0
4679,0,0
4680,0,0
4681,0,0
4680,0,0
4683,0,0
4684,0,0
4685,0,0
4686,0,0
4687,0,0
4688,0,1
4689,0,0
4690,0,0
4691,0,0
4690,0,0
4693,0,0
4694,0,0
4695,0,0
4696,0,0
4697,0,0
4698,0,0
4699,0,0
4700,0,0
4701,0,0
4700,0,0
4703,0,0
4704,0,0
4705,0,0
4706,0,0
4707,0,0
4708,0,0
4709,0,0
4710,0,0
4711,0,0
4710,0,0
4713,0,0
4714,0,0
4715,0,0
4716,0,0
4717,0,0
4718,0,0
4719,0,0
4700,0,0
4701,0,0
4700,0,0
4703,0,0
4704,0,0
4705,0,0
4706,0,0
4707,0,0
4708,0,0
4709,0,0
4730,0,0
4731,0,0
4730,0,0
4733,0,0
4734,0,0
4735,0,0
4736,0,0
4737,0,0
4738,0,0
4739,0,0
4740,0,0
4741,0,0
4740,0,0
4743,0,0
4744,0,0
4745,0,0
4746,0,0
4747,0,0
4748,0,0
4749,0,0
4750,0,0
4751,0,0
4750,0,0
4753,0,0
4754,0,0
4755,0,0
4756,0,0
4757,0,0
4758,0,0
4759,0,0
4760,0,0
4761,0,0
4760,0,0
4763,0,0
4764,0,0
4765,0,0
4766,0,0
4767,0,0
4768,0,0
4769,0,0
4770,0,0
4771,0,0
4770,0,0
4773,0,0
4774,0,0
4775,0,0
4776,0,0
4777,0,0
4778,0,0
4779,0,0
4780,0,0
4781,0,0
4780,0,0
4783,0,0
4784,0,0
4785,0,0
4786,0,0
4787,0,0
4788,0,0
4789,0,0
4790,0,0
4791,0,0
4790,0,0
4793,0,0
4794,0,0
4795,0,0
4796,0,0
4797,0,0
4798,0,0
4799,0,0
4800,0,0
4801,0,0
4800,0,0
4803,0,0
4804,0,0
4805,0,0
4806,0,0
4807,0,0
4808,0,0
4809,0,0
4810,0,0
4811,0,0
4810,0,0
4813,0,0
4814,0,0
4815,0,0
4816,0,0
4817,0,0
4818,0,0
4819,0,0
4800,0,0
4801,0,0
4800,0,0
4803,0,0
4804,0,0
4805,0,0
4806,0,1
4807,0,0
4808,0,0
4809,0,0
4830,0,0
4831,0,0
4830,0,0
4833,0,0
4834,0,0
4835,0,0
4836,0,0
4837,0,0
4838,0,0
4839,0,0
4840,0,0
4841,0,0
4840,0,0
4843,0,0
4844,0,0
4845,0,0
4846,0,0
4847,0,0
4848,0,0
4849,0,0
4850,0,0
4851,0,0
4850,0,0
4853,0,0
4854,0,0
4855,0,0
4856,0,0
4857,0,0
4858,0,0
4859,0,0
4860,0,0
4861,0,0
4860,0,0
4863,0,0
4864,0,0
4865,0,0
4866,0,0
4867,0,0
4868,0,0
4869,0,0
4870,0,0
4871,0,0
4870,0,0
4873,0,0
4874,0,0
4875,0,0
4876,0,0
4877,0,0
4878,0,0
4879,0,0
4880,0,0
4881,0,0
4880,0,0
4883,0,0
4884,0,0
4885,0,0
4886,0,0
4887,0,0
4888,0,0
4889,0,0
4890,0,0
4891,0,0
4890,0,0
4893,0,0
4894,0,0
4895,0,0
4896,0,0
4897,0,0
4898,0,0
4899,0,0
4900,0,0
4901,0,0
4900,0,0
4903,0,0
4904,0,0
4905,0,0
4906,0,0
4907,0,0
4908,0,0
4909,0,0
4910,0,0
4911,0,0
4910,0,0
4913,0,0
4914,0,0
4915,0,0
4916,0,0
4917,0,0
4918,0,0
4919,0,0
4900,0,0
4901,0,0
4900,0,0
4903,0,0
4904,0,0
4905,0,0
4906,0,0
4907,0,1
4908,0,0
4909,0,0
4930,0,0
4931,0,0
4930,0,0
4933,0,0
4934,0,0
4935,0,0
4936,0,0
4937,0,0
4938,0,0
4939,0,0
4940,0,0
4941,0,0
4940,0,0
4943,0,0
4944,0,0
4945,0,0
4946,0,0
4947,0,0
4948,0,0
4949,0,0
4950,0,0
4951,0,0
4950,0,0
4953,0,0
4954,0,0
4955,0,0
4956,0,0
4957,0,0
4958,0,0
4959,0,0
4960,0,0
4961,0,0
4960,0,0
4963,0,0
4964,0,0
4965,0,0
4966,0,0
4967,0,0
4968,0,0
4969,0,1
4970,0,1
4971,0,1
4970,0,0
4973,0,0
4974,0,0
4975,0,0
4976,0,0
4977,0,0
4978,0,0
4979,0,0
4980,0,0
4981,0,0
4980,0,0
4983,0,0
4984,0,0
4985,0,0
4986,0,0
4987,0,0
4988,0,0
4989,0,0
4990,0,0
4991,0,0
4990,0,0
4993,0,0
4994,0,0
4995,0,0
4996,0,0
4997,0,0
4998,0,0
4999,0,0
5000,0,0
5001,0,0
5000,0,0
5003,0,0
5004,0,0
5005,0,0
5006,0,0
5007,0,0
5008,0,0
5009,0,0
5010,0,0
5011,0,0
5010,0,0
5013,0,0
5014,0,0
5015,0,0
5016,0,0
5017,0,0
5018,0,0
5019,0,0
5000,0,0
5001,0,0
5000,0,1
5003,0,1
5004,0,0
5005,0,0
5006,0,0
5007,0,0
5008,0,0
5009,0,0
5030,0,0
5031,0,0
5030,0,0
5033,0,0
5034,0,0
5035,0,0
5036,0,0
5037,0,0
5038,0,0
5039,0,0
5040,0,1
5041,0,0
5040,0,0
5043,0,0
5044,0,0
5045,0,0
5046,0,0
5047,0,0
5048,0,0
5049,0,0
5050,0,0
5051,0,0
5050,0,0
5053,0,0
5054,0,0
5055,0,0
5056,0,0
5057,0,0
5058,0,0
5059,0,0
5060,0,0
5061,0,0
5060,0,0
5063,0,0
5064,0,0
5065,0,0
5066,0,0
5067,0,0
5068,0,0
5069,0,0
5070,0,0
5071,0,0
5070,0,0
5073,0,0
5074,0,0
5075,0,0
5076,0,0
5077,0,0
5078,0,0
5079,0,0
5080,0,0
5081,0,1
5080,0,0
5083,0,0
5084,0,0
5085,0,0
5086,0,0
5087,0,1
5088,0,1
5089,0,0
5090,0,0
5091,0,0
5090,0,0
5093,0,0
5094,0,0
5095,0,0
5096,0,0
5097,0,0
5098,0,0
5099,0,0
5100,0,0
5101,0,0
5100,0,0
5103,0,0
5104,0,0
5105,0,0
5106,0,0
5107,0,0
5108,0,0
5109,0,0
5110,0,0
5111,0,0
5110,0,0
5113,0,0
5114,0,0
5115,0,0
5116,0,0
5117,0,0
5118,0,0
5119,0,0
5100,0,0
5101,0,0
5100,0,0
5103,0,0
5104,0,1
5105,0,0
5106,0,0
5107,0,0
5108,0,0
5109,0,0
5130,0,0
5131,0,0
5130,0,0
5133,0,0
5134,0,0
5135,0,0
5136,0,0
5137,0,0
5138,0,0
5139,0,0
5140,0,0
5141,0,0
5140,0,0
5143,0,0
5144,0,0
5145,0,0
5146,0,0
5147,0,0
5148,0,0
5149,0,0
5150,0,0
5151,0,0
5150,0,0
5153,0,0
5154,0,0
5155,0,0
5156,0,0
5157,0,0
5158,0,0
5159,0,0
5160,0,0
5161,0,0
5160,0,0
5163,0,0
5164,0,0
5165,0,0
5166,0,0
5167,0,0
5168,0,0
5169,0,0
5170,0,0
5171,0,0
5170,0,0
5173,0,0
5174,0,0
5175,0,0
5176,0,0
5177,0,0
5178,0,0
5179,0,0
5180,0,0
5181,0,0
5180,0,0
5183,0,0
5184,0,0
5185,0,0
5186,0,0
5187,0,0
5188,0,0
5189,0,0
5190,0,0
5191,0,0
5190,0,0
5193,0,0
5194,0,0
5195,0,0
5196,0,0
5197,0,0
5198,0,0
5199,0,0
5000,0,0
5001,0,0
5000,0,0
5003,0,0
5004,0,0
5005,0,0
5006,0,0
5007,0,0
5008,0,0
5009,0,0
5010,0,0
5011,0,0
5010,0,0
5013,0,0
5014,0,0
5015,0,0
5016,0,0
5017,0,0
5018,0,0
5019,0,0
5000,0,0
5001,0,0
5000,0,0
5003,0,0
5004,0,0
5005,0,0
5006,0,0
5007,0,0
5008,0,0
5009,0,0
5030,0,0
5031,0,0
5030,0,0
5033,0,0
5034,0,0
5035,0,0
5036,0,0
5037,0,0
5038,0,0
5039,0,0
5040,0,0
5041,0,0
5040,0,0
5043,0,0
5044,0,0
5045,0,0
5046,0,0
5047,0,1
5048,0,0
5049,0,0
5050,0,0
5051,0,0
5050,0,0
5053,0,0
5054,0,0
5055,0,0
5056,0,0
5057,0,0
5058,0,0
5059,0,0
5060,0,0
5061,0,0
5060,0,0
5063,0,0
5064,0,0
5065,0,0
5066,0,0
5067,0,0
5068,0,0
5069,0,0
5070,0,0
5071,0,0
5070,0,0
5073,0,0
5074,0,0
5075,0,0
5076,0,0
5077,0,0
5078,0,0
5079,0,0
5080,0,0
5081,0,0
5080,0,0
5083,0,0
5084,0,0
5085,0,0
5086,0,0
5087,0,0
5088,0,0
5089,0,0
5090,0,0
5091,0,0
5090,0,0
5093,0,0
5094,0,0
5095,0,0
5096,0,0
5097,0,0
5098,0,0
5099,0,0
5300,0,0
5301,0,0
5300,0,0
5303,0,0
5304,0,0
5305,0,0
5306,0,0
5307,0,0
5308,0,0
5309,0,0
5310,0,0
5311,0,0
5310,0,0
5313,0,0
5314,0,0
5315,0,0
5316,0,0
5317,0,0
5318,0,0
5319,0,0
5300,0,0
5301,0,0
5300,0,0
5303,0,0
5304,0,0
5305,0,0
5306,0,0
5307,0,0
5308,0,0
5309,0,0
5330,0,0
5331,0,0
5330,0,0
5333,0,0
5334,0,0
5335,0,0
5336,0,0
5337,0,0
5338,0,0
5339,0,0
5340,0,0
5341,0,0
5340,0,0
5343,0,0
5344,0,0
5345,0,0
5346,0,0
5347,0,0
5348,0,0
5349,0,0
5350,0,0
5351,0,0
5350,0,0
5353,0,0
5354,0,0
5355,0,0
5356,0,0
5357,0,0
5358,0,0
5359,0,0
5360,0,0
5361,0,0
5360,0,0
5363,0,0
5364,0,0
5365,0,0
5366,0,0
5367,0,0
5368,0,0
5369,0,0
5370,0,0
5371,0,0
5370,0,0
5373,0,0
5374,0,0
5375,0,0
5376,0,0
5377,0,0
5378,0,0
5379,0,0
5380,0,0
5381,0,0
5380,0,0
5383,0,0
5384,0,0
5385,0,0
5386,0,0
5387,0,0
5388,0,0
5389,0,0
5390,0,0
5391,0,0
5390,0,0
5393,0,0
5394,0,0
5395,0,0
5396,0,0
5397,0,0
5398,0,0
5399,0,0
5400,0,0
5401,0,0
5400,0,0
5403,0,0
5404,0,0
5405,0,0
5406,0,0
5407,0,0
5408,0,0
5409,0,0
5410,0,0
5411,0,0
5410,0,0
5413,0,0
5414,0,0
5415,0,0
5416,0,0
5417,0,0
5418,0,1
5419,0,0
5400,0,0
5401,0,0
5400,0,0
5403,0,0
5404,0,0
5405,0,0
5406,0,0
5407,0,0
5408,0,0
5409,0,0
5430,0,0
5431,0,0
5430,0,0
5433,0,0
5434,0,0
5435,0,0
5436,0,0
5437,0,0
5438,0,0
5439,0,0
5440,0,0
5441,0,0
5440,0,0
5443,0,0
5444,0,0
5445,0,0
5446,0,0
5447,0,0
5448,0,1
5449,0,0
5450,0,0
5451,0,0
5450,0,0
5453,0,0
5454,0,0
5455,0,0
5456,0,1
5457,0,0
5458,0,1
5459,0,0
5460,0,0
5461,0,0
5460,0,0
5463,0,0
5464,0,0
5465,0,0
5466,0,0
5467,0,0
5468,0,0
5469,0,0
5470,0,0
5471,0,0
5470,0,0
5473,0,0
5474,0,0
5475,0,0
5476,0,1
5477,0,0
5478,0,0
5479,0,0
5480,0,0
5481,0,0
5480,0,0
5483,0,0
5484,0,0
5485,0,0
5486,0,0
5487,0,0
5488,0,0
5489,0,0
5490,0,0
5491,0,0
5490,0,0
5493,0,0
5494,0,0
5495,0,0
5496,0,0
5497,0,0
5498,0,0
5499,0,0
5500,0,0
5501,0,0
5500,0,0
5503,0,0
5504,0,0
5505,0,0
5506,0,0
5507,0,0
5508,0,0
5509,0,0
5510,0,1
5511,0,1
5510,0,0
5513,0,0
5514,0,0
5515,0,0
5516,0,0
5517,0,0
5518,0,0
5519,0,0
5500,0,0
5501,0,1
5500,0,1
5503,0,0
5504,0,0
5505,0,0
5506,0,0
5507,0,0
5508,0,0
5509,0,0
5530,0,0
5531,0,0
5530,0,0
5533,0,0
5534,0,0
5535,0,0
5536,0,0
5537,0,1
5538,0,0
5539,0,0
5540,0,0
5541,0,0
5540,0,0
5543,0,0
5544,0,0
5545,0,0
5546,0,0
5547,0,0
5548,0,0
5549,0,0
5550,0,0
5551,0,0
5550,0,0
5553,0,0
5554,0,0
5555,0,0
5556,0,0
5557,0,0
5558,0,0
5559,0,0
5560,0,0
5561,0,0
5560,0,0
5563,0,0
5564,0,0
5565,0,0
5566,0,0
5567,0,0
5568,0,0
5569,0,0
5570,0,0
5571,0,0
5570,0,0
5573,0,0
5574,0,0
5575,0,0
5576,0,0
5577,0,0
5578,0,0
5579,0,0
5580,0,0
5581,0,0
5580,0,0
5583,0,0
5584,0,0
5585,0,0
5586,0,0
5587,0,0
5588,0,0
5589,0,0
5590,0,0
5591,0,0
5590,0,0
5593,0,0
5594,0,0
5595,0,0
5596,0,0
5597,0,0
5598,0,0
5599,0,0
5600,0,0
5601,0,0
5600,0,0
5603,0,0
5604,0,0
5605,0,0
5606,0,0
5607,0,0
5608,0,0
5609,0,0
5610,0,0
5611,0,0
5610,0,0
5613,0,0
5614,0,0
5615,0,0
5616,0,0
5617,0,1
5618,0,0
5619,0,0
5600,0,0
5601,0,0
5600,0,0
5603,0,0
5604,0,0
5605,0,0
5606,0,0
5607,0,0
5608,0,0
5609,0,0
5630,0,0
5631,0,1
5630,0,0
5633,0,0
5634,0,0
5635,0,0
5636,0,0
5637,0,0
5638,0,0
5639,0,0
5640,0,0
5641,0,0
5640,0,0
5643,0,0
5644,0,0
5645,0,0
5646,0,0
5647,0,0
5648,0,0
5649,0,0
5650,0,0
5651,0,0
5650,0,0
5653,0,0
5654,0,0
5655,0,1
5656,0,0
5657,0,0
5658,0,0
5659,0,0
5660,0,0
5661,0,0
5660,0,0
5663,0,0
5664,0,0
5665,0,0
5666,0,0
5667,0,0
5668,0,0
5669,0,0
5670,0,0
5671,0,0
5670,0,0
5673,0,0
5674,0,0
5675,0,0
5676,0,0
5677,0,0
5678,0,0
5679,0,1
5680,0,0
5681,0,0
5680,0,0
5683,0,0
5684,0,0
5685,0,0
5686,0,0
5687,0,0
5688,0,0
5689,0,0
5690,0,0
5691,0,0
5690,0,0
5693,0,0
5694,0,0
5695,0,0
5696,0,0
5697,0,0
5698,0,0
5699,0,0
5700,0,0
5701,0,0
5700,0,0
5703,0,1
5704,0,0
5705,0,0
5706,0,0
5707,0,0
5708,0,0
5709,0,0
5710,0,1
5711,0,0
5710,0,0
5713,0,0
5714,0,0
5715,0,0
5716,0,0
5717,0,0
5718,0,0
5719,0,0
5700,0,0
5701,0,0
5700,0,0
5703,0,0
5704,0,0
5705,0,0
5706,0,0
5707,0,0
5708,0,0
5709,0,0
5730,0,0
5731,0,0
5730,0,0
5733,0,0
5734,0,0
5735,0,0
5736,0,0
5737,0,0
5738,0,0
5739,0,0
5740,0,0
5741,0,1
5740,0,0
5743,0,0
5744,0,0
5745,0,0
5746,0,0
5747,0,0
5748,0,0
5749,0,0
5750,0,0
5751,0,0
5750,0,0
5753,0,0
5754,0,0
5755,0,0
5756,0,0
5757,0,1
5758,0,1
5759,0,1
5760,0,1
5761,0,0
5760,0,0
5763,0,0
5764,0,0
5765,0,0
5766,0,1
5767,0,0
5768,0,0
5769,0,0
5770,0,1
5771,0,0
5770,0,0
5773,0,0
5774,0,0
5775,0,0
5776,0,0
5777,0,0
5778,0,0
5779,0,0
5780,0,0
5781,0,0
5780,0,0
5783,0,0
5784,0,1
5785,0,1
5786,0,0
5787,0,0
5788,0,0
5789,0,0
5790,0,0
5791,0,0
5790,0,0
5793,0,0
5794,0,0
5795,0,0
5796,0,0
5797,0,0
5798,0,0
5799,0,0
5800,0,0
5801,0,0
5800,0,0
5803,0,0
5804,0,0
5805,0,0
5806,0,0
5807,0,0
5808,0,0
5809,0,0
5810,0,0
5811,0,0
5810,0,0
5813,0,0
5814,0,0
5815,0,0
5816,0,0
5817,0,0
5818,0,0
5819,0,0
5800,0,0
5801,0,0
5800,0,0
5803,0,0
5804,0,0
5805,0,0
5806,0,0
5807,0,0
5808,0,0
5809,0,0
5830,0,0
5831,0,0
5830,0,0
5833,0,0
5834,0,0
5835,0,0
5836,0,0
5837,0,0
5838,0,0
5839,0,0
5840,0,0
5841,0,0
5840,0,0
5843,0,0
5844,0,0
5845,0,0
5846,0,0
5847,0,0
5848,0,0
5849,0,0
5850,0,0
5851,0,0
5850,0,0
5853,0,0
5854,0,0
5855,0,0
5856,0,0
5857,0,0
5858,0,0
5859,0,0
5860,0,0
5861,0,0
5860,0,0
5863,0,0
5864,0,0
5865,0,0
5866,0,0
5867,0,0
5868,0,0
5869,0,0
5870,0,0
5871,0,0
5870,0,0
5873,0,0
5874,0,0
5875,0,0
5876,0,0
5877,0,0
5878,0,0
5879,0,0
5880,0,0
5881,0,0
5880,0,1
5883,0,1
5884,0,0
5885,0,0
5886,0,0
5887,0,0
5888,0,0
5889,0,0
5890,0,0
5891,0,0
5890,0,0
5893,0,0
5894,0,0
5895,0,0
5896,0,0
5897,0,0
5898,0,0
5899,0,0
5900,0,0
5901,0,0
5900,0,0
5903,0,0
5904,0,0
5905,0,0
5906,0,0
5907,0,0
5908,0,0
5909,0,0
5910,0,0
5911,0,0
5910,0,0
5913,0,0
5914,0,0
5915,0,0
5916,0,0
5917,0,0
5918,0,0
5919,0,0
5900,0,0
5901,0,0
5900,0,0
5903,0,0
5904,0,0
5905,0,1
5906,0,0
5907,0,0
5908,0,0
5909,0,0
5930,0,0
5931,0,0
5930,0,0
5933,0,1
5934,0,1
5935,0,0
5936,0,0
5937,0,0
5938,0,0
5939,0,0
5940,0,0
5941,0,0
5940,0,0
5943,0,0
5944,0,0
5945,0,0
5946,0,0
5947,0,0
5948,0,0
5949,0,0
5950,0,0
5951,0,0
5950,0,0
5953,0,0
5954,0,0
5955,0,0
5956,0,0
5957,0,0
5958,0,0
5959,0,0
5960,0,0
5961,0,0
5960,0,0
5963,0,0
5964,0,0
5965,0,0
5966,0,0
5967,0,0
5968,0,0
5969,0,0
5970,0,0
5971,0,0
5970,0,0
5973,0,0
5974,0,0
5975,0,0
5976,0,0
5977,0,0
5978,0,0
5979,0,0
5980,0,0
5981,0,0
5980,0,0
5983,0,0
5984,0,0
5985,0,0
5986,0,0
5987,0,0
5988,0,0
5989,0,0
5990,0,0
5991,0,0
5990,0,0
5993,0,0
5994,0,0
5995,0,0
5996,0,0
5997,0,0
5998,0,0
5999,0,0
